{
    "ground_plane": {
      "cluster_1A": {
        "c01": {
          "H": [
            [-4.17550229e-01,  1.39421434e+00,  1.50227532e+03],
            [-5.40646446e-02,  9.34680731e-01,  1.49128068e+03],
            [-5.22960448e-05,  1.34059607e-03,  1.0           ]
          ]
        },
        "c02": {
          "H": [
            [-3.69042252e-01,  3.47509578e-01,  8.55095623e+02],
            [-2.20993199e-01,  8.28952832e-01,  1.28297417e+03],
            [-2.56647329e-04,  1.16821376e-03,  1.00000000e+00]
          ]
        },
        "c03": {
          "H": [
            [ 1.90454713e-01,  3.71505541e+00, -4.08668323e+02],
            [-5.74140817e-01,  2.96663463e+00,  1.81817765e+03],
            [ 2.03380835e-04,  2.69861797e-03,  1.00000000e+00]
          ]
        },
        "c05": {
          "H": [
            [ 1.12311185e+01, -3.21740653e+01, -1.24041938e+03],
            [ 1.08354421e+01, -7.39468628e+01, -1.86535305e+04],
            [ 4.73051352e-03, -1.46276040e-01,  1.00000000e+00]
          ]
        }
      }
    }
  }
  