{
  "ground_plane": {
    "factory": {
      "c01": {
        "H": [ 
          [-4.23574991e-01,  4.50651092e+00,  2.19024677e+02],
          [-6.78066528e-01,  8.63466906e-01,  1.19692029e+03],
          [-2.43075952e-04,  2.14789871e-03,  1.00000000e+00]
        ]
      },
      "c02": {
        "H": [ 
          [ 4.81750058e-01, -4.17519810e+00, -4.77036959e+02],
          [-4.43631019e-01, -3.61073653e+00,  8.72033704e+02],
          [ 2.06550817e-04, -4.69172608e-03,  1.00000000e+00]
        ]
      },
      "c04": {
        "H": [ 
          [ 1.99297363e-01,  4.27874791e+00,  1.13470626e+03],
          [-2.66449964e-01,  2.20458956e+00,  6.99538966e+02],
          [-8.70012625e-05,  1.97492308e-03,  1.00000000e+00]
        ]
      },
      "c05": {
        "H": [
          [-9.38178280e-02,  1.73374988e+00,  3.33043258e+03],
          [ 9.58558105e-01,  3.06393054e+00, -4.58536515e+02],
          [-8.33107342e-05,  5.75657562e-03,  1.00000000e+00]
        ]
      },
      "c06": {
        "H": [
          [3.27361543e-01, 2.38062354e+00, 8.02248525e+02],
          [9.86358466e-01, 2.09612440e+00, 1.81308802e+03],
          [1.05426513e-03, 3.15622043e-03, 1.00000000e+00]
        ]
      },
      "c07": {
        "H": [
          [-8.65482936e-01, -3.57380861e+00,  1.72213090e+03],
          [-1.92330297e-01, -7.20620855e+00,  2.07982972e+03],
          [-6.06090815e-04, -6.17193168e-03,  1.00000000e+00]
        ]          
      }
    }
  }
}
