{
  "ground_plane": {
    "factory": {
      "c01": {
        "H": [ 
          [-1.03474827e-01,  1.65318982e+00,  1.62021964e+03],
          [ 3.94232002e-01,  9.92018330e-01,  1.63526723e+03],
          [ 3.10671482e-04,  1.55175207e-03,  1.00000000e+00]
        ]
      },
      "c02": {
        "H": [ 
          [-3.49301680e-01,  4.04126955e-01,  9.60196331e+02],
          [ 9.87696170e-03,  9.21435805e-01,  1.33414049e+03],
          [-6.99037186e-05,  1.32094890e-03,  1.00000000e+00]
        ]
      },
      "c03": {
        "H": [ 
          [ 1.53701168e-01,  3.31617798e+00, -3.25132434e+02],
          [-5.39116118e-01,  2.57645327e+00,  1.68837301e+03],
          [ 1.54054299e-04,  2.26332738e-03,  1.00000000e+00]
        ]
      },
      "c04": {
        "H": [ 
          [-4.38622197e-01,  6.61322052e-01,  1.41763263e+03],
          [-2.10576155e-02,  3.65159236e-01,  3.47792371e+02],
          [-3.58827445e-04,  1.04930815e-03,  1.00000000e+00]
        ]
      },
      "c05": {
        "H": [
          [ 4.07588208e+00, -1.30710380e+01, -4.01674498e+02],
          [ 2.73005677e-01, -2.60980209e+01, -7.57271888e+03],
          [-1.46483594e-03, -5.88838428e-02,  1.00000000e+00]
        ]
      },
      "c07": {
        "H": [
          [-1.17300761e+00, -6.58047432e+00,  1.92725405e+03],
          [-3.82028260e-01, -2.69156340e+00,  5.05551077e+02],
          [-8.05641854e-04, -4.20580321e-03,  1.00000000e+00]
        ]          
      },
      "c08": {
        "H": [
          [-1.97740804e-01,  3.78988834e+00, -6.07950042e+01],
          [-6.98383953e-01,  4.95953291e+00, -2.11160193e+02],
          [-1.22492648e-03,  8.26616745e-03,  1.00000000e+00]
        ]          
      }
    }
  }
}
  