{
  "ground_plane": {
    "cluster_31A": {
      "315101": {
        "H": [
          [ 1.60613396e+00,  5.65593302e+00, -1.43645328e+03],
          [-7.25086130e-01,  3.51209602e+00, -3.57509547e+02],
          [ 2.26530573e-04,  4.20795447e-03,  1.0           ]
        ]
      },
      "315102": {
        "H": [
          [-1.39928326e+01, -2.50408314e+01, -5.42848629e+03],
          [-1.25183110e+01, -7.13726616e+01,  3.14549360e+04],
          [-1.76842615e-03, -8.31936274e-02,  1.0           ]
        ]
      }
    }
  }
}
